SK010_500267;180
SK010_503681;428
SK010_503797;440
SK010_503801;755
SK010_503819;290
SK010_503851;512
SK010_503894;1693
SK010_503983;1398
SK010_504556;1155
SK010_504629;690
SK010_504637;717
SK010_504769;3433
SK010_504858;1605
SK010_504874;1627
SK010_504947;3586
SK010_504980;2691
SK010_507806;1783
SK010_507814;5516
SK010_507822;1658
SK010_507831;665
SK010_507849;2227
SK010_507857;2162
SK010_507865;1081
SK010_507873;1036
SK010_507881;921
SK010_507890;2872
SK010_507903;1532
SK010_507911;3895
SK010_507938;6136
SK010_507946;953
SK010_507954;1158
SK010_507962;1507
SK010_507989;5217
SK010_507997;1242
SK010_508012;1184
SK010_508021;1694
SK010_508039;1528
SK010_508047;1772
SK010_508055;2900
SK010_508063;17126
SK010_508071;1900
SK010_508080;1419
SK010_508098;1848
SK010_508101;8867
SK010_508110;2297
SK010_508136;2070
SK010_508161;816
SK010_508179;21087
SK010_508187;324
SK010_508195;2306
SK010_508209;2287
SK010_508217;17117
SK010_508225;2201
SK010_508233;9475
SK010_508241;662
SK010_508250;4584
SK010_508268;340
SK010_508276;2370
SK010_508284;1031
SK010_508292;2390
SK010_508306;2076
SK010_508314;1226
SK010_508322;1336
SK010_508331;431
SK010_508349;2185
SK010_508365;1777
SK010_508381;3268
SK010_528595;39848
SK010_529311;20672
SK010_529320;67982
SK010_529338;18997
SK010_529346;36177
SK010_529354;19418
SK010_529362;5191
SK010_529371;15521
SK010_529389;32655
SK010_529397;32537
SK010_529401;1042
SK010_529419;6687
SK010_529427;3498
SK010_529435;1029
SK010_529443;1462
SK010_529460;104112
SK010_529494;2935
SK010_545333;4667
SK010_555487;578
SK010_555495;701
SK010_555509;1670
SK010_582549;69
SK021_501433;22538
SK021_501441;562
SK021_501450;1110
SK021_501468;755
SK021_501484;372
SK021_501492;857
SK021_501506;348
SK021_501514;577
SK021_501522;8858
SK021_501531;1200
SK021_501549;447
SK021_501557;599
SK021_501573;5350
SK021_501581;1924
SK021_501590;1986
SK021_501603;1232
SK021_501611;1881
SK021_501620;564
SK021_501638;808
SK021_501654;1475
SK021_501662;871
SK021_501671;510
SK021_501689;382
SK021_501697;1286
SK021_501701;1007
SK021_501719;1263
SK021_501727;1069
SK021_501735;2563
SK021_501743;761
SK021_501760;569
SK021_501778;459
SK021_501786;892
SK021_501808;2269
SK021_501816;1164
SK021_501824;3666
SK021_501832;409
SK021_501859;1676
SK021_501867;853
SK021_501875;531
SK021_501883;833
SK021_501891;1148
SK021_501905;12976
SK021_501913;1816
SK021_501921;3039
SK021_501930;643
SK021_501956;462
SK021_501964;550
SK021_501972;883
SK021_501981;1449
SK021_501999;467
SK021_502006;2578
SK021_502014;1449
SK021_502022;3557
SK021_503461;287
SK021_503665;15201
SK021_503673;1096
SK021_503690;1390
SK021_503703;1573
SK021_503746;1951
SK021_503754;420
SK021_503762;711
SK021_503771;3229
SK021_503789;503
SK021_503827;454
SK021_503835;3915
SK021_503843;1493
SK021_503860;1633
SK021_503878;1142
SK021_503924;1578
SK021_503959;3026
SK021_503967;600
SK021_503975;1724
SK021_504009;16259
SK021_504017;5472
SK021_504033;440
SK021_504041;1765
SK021_504050;4134
SK021_504076;1600
SK021_504084;824
SK021_504106;3816
SK021_504114;2084
SK021_504122;2609
SK021_504131;4330
SK021_504149;1302
SK021_504157;1584
SK021_504173;1197
SK021_504181;873
SK021_504203;20391
SK021_504211;221
SK021_504220;1630
SK021_504238;3947
SK021_504271;2406
SK021_504297;1173
SK021_504319;1261
SK021_504327;613
SK021_504335;1248
SK021_504343;643
SK021_504351;5226
SK021_504360;905
SK021_504378;11315
SK021_504386;682
SK021_504394;370
SK021_504416;2248
SK021_504432;578
SK021_504459;2585
SK021_504475;711
SK021_504483;158
SK021_504491;801
SK021_504513;4144
SK021_504521;1060
SK021_504530;511
SK021_504548;318
SK021_504564;657
SK021_504572;2150
SK021_504599;376
SK021_504602;600
SK021_504611;1102
SK021_504645;635
SK021_504653;615
SK021_504670;920
SK021_504700;718
SK021_504718;493
SK021_504726;959
SK021_504734;573
SK021_504742;1812
SK021_504777;412
SK021_504815;14530
SK021_504823;975
SK021_504831;719
SK021_504840;1484
SK021_504882;1095
SK021_504891;5088
SK021_504904;1684
SK021_504912;318
SK021_504939;1214
SK021_504963;770
SK021_506745;66217
SK021_506788;679
SK021_506796;1194
SK021_506800;1348
SK021_506818;2254
SK021_506826;400
SK021_506834;977
SK021_506842;2320
SK021_506851;2291
SK021_506869;660
SK021_506877;4048
SK021_506885;1634
SK021_506893;1865
SK021_506915;817
SK021_506923;2302
SK021_506931;663
SK021_506940;1295
SK021_506958;358
SK021_506966;651
SK021_506982;961
SK021_506991;2582
SK021_507008;986
SK021_507024;2079
SK021_507032;22850
SK021_507041;497
SK021_507059;376
SK021_507067;1901
SK021_507075;865
SK021_507121;2597
SK021_507130;496
SK021_507156;2047
SK021_507164;1140
SK021_507172;991
SK021_507199;517
SK021_507202;681
SK021_507211;757
SK021_507229;1428
SK021_507253;4202
SK021_507288;2144
SK021_507296;1837
SK021_507318;1394
SK021_507326;425
SK021_507342;2240
SK021_507351;449
SK021_507369;534
SK021_507385;1176
SK021_507415;983
SK021_507431;530
SK021_507440;28258
SK021_507466;867
SK021_507482;568
SK021_507491;1030
SK021_507512;1511
SK021_507521;875
SK021_507539;684
SK021_507555;3436
SK021_507563;1260
SK021_507571;1916
SK021_507601;2379
SK021_507636;2274
SK021_507661;1468
SK021_507679;1272
SK021_507687;1424
SK021_507709;2748
SK021_507725;1198
SK021_507741;1383
SK021_507750;6265
SK021_507768;2330
SK021_507776;2518
SK021_507792;616
SK021_518620;313
SK021_555517;249
SK021_555541;515
SK021_555568;949
SK021_555576;2153
SK021_555606;259
SK021_555649;528
SK021_555665;1038
SK021_555673;1039
SK021_555720;881
SK021_555746;424
SK021_555754;2030
SK021_555789;1413
SK021_556114;1693
SK021_556122;409
SK021_556131;443
SK021_556483;1856
SK021_556491;956
SK021_556513;1305
SK021_556521;550
SK021_556530;673
SK021_556548;514
SK021_556556;529
SK021_556564;457
SK021_556572;1082
SK021_556581;492
SK021_556599;377
SK021_556602;594
SK021_556611;149
SK021_556645;281
SK021_556653;420
SK021_556661;753
SK021_556670;773
SK021_556688;511
SK021_558338;386
SK021_558354;340
SK021_558397;322
SK021_580473;1455
SK021_580554;1099
SK021_580597;159
SK021_581020;2162
SK021_581399;2121
SK021_581488;798
SK021_582522;276
SK021_582638;634
SK022_500348;874
SK022_504254;936
SK022_504262;5098
SK022_504289;418
SK022_504408;372
SK022_504424;483
SK022_504467;440
SK022_504581;12323
SK022_504661;374
SK022_504688;703
SK022_504696;368
SK022_504793;813
SK022_504866;735
SK022_504971;1554
SK022_505056;133
SK022_505072;372
SK022_505102;434
SK022_505129;491
SK022_505153;261
SK022_505170;632
SK022_505196;644
SK022_505200;428
SK022_505277;41
SK022_505307;866
SK022_505315;24203
SK022_505323;405
SK022_505331;439
SK022_505358;852
SK022_505382;306
SK022_505412;570
SK022_505447;503
SK022_505455;1440
SK022_505463;1288
SK022_505471;449
SK022_505480;206
SK022_505544;149
SK022_505552;481
SK022_505579;516
SK022_505595;41
SK022_505625;1541
SK022_505633;37
SK022_505684;571
SK022_505692;482
SK022_505706;629
SK022_505722;1991
SK022_505731;920
SK022_505765;126
SK022_505790;682
SK022_505803;1674
SK022_505811;456
SK022_505820;55656
SK022_505838;855
SK022_505846;1385
SK022_505854;752
SK022_505871;1398
SK022_505889;565
SK022_505897;2099
SK022_505901;3998
SK022_505919;1113
SK022_505935;807
SK022_505943;2977
SK022_505951;974
SK022_505960;2215
SK022_505978;932
SK022_505994;700
SK022_506001;1310
SK022_506010;3381
SK022_506028;435
SK022_506036;2841
SK022_506044;442
SK022_506052;657
SK022_506061;775
SK022_506079;461
SK022_506087;1702
SK022_506095;912
SK022_506109;1028
SK022_506125;1478
SK022_506133;664
SK022_506141;616
SK022_506150;1568
SK022_506168;319
SK022_506184;1420
SK022_506206;618
SK022_506231;1235
SK022_506249;521
SK022_506257;204
SK022_506265;2573
SK022_506273;802
SK022_506281;6279
SK022_506290;791
SK022_506303;1149
SK022_506311;203
SK022_506338;20323
SK022_506346;476
SK022_506354;1955
SK022_506371;405
SK022_506401;1178
SK022_506419;246
SK022_506427;1971
SK022_506435;581
SK022_506443;1301
SK022_506478;990
SK022_506508;2140
SK022_506516;233
SK022_506524;9387
SK022_506532;1587
SK022_506541;357
SK022_506559;4060
SK022_506567;3155
SK022_506583;904
SK022_506591;1204
SK022_506605;766
SK022_506613;4368
SK022_506630;771
SK022_506648;672
SK022_506656;637
SK022_506672;183
SK022_512842;41055
SK022_512851;5850
SK022_512885;1510
SK022_512915;1187
SK022_512931;704
SK022_512940;1741
SK022_512958;854
SK022_512966;1430
SK022_513008;1475
SK022_513016;25360
SK022_513024;937
SK022_513083;680
SK022_513091;1066
SK022_513121;832
SK022_513156;5336
SK022_513172;1050
SK022_513245;236
SK022_513253;2566
SK022_513296;2618
SK022_513300;1289
SK022_513318;965
SK022_513326;4121
SK022_513334;913
SK022_513342;2103
SK022_513351;1037
SK022_513377;520
SK022_513385;1025
SK022_513407;508
SK022_513440;11446
SK022_513466;2517
SK022_513474;1596
SK022_513563;1401
SK022_513598;2201
SK022_513601;1979
SK022_513610;18200
SK022_513687;693
SK022_513725;767
SK022_513741;2217
SK022_513776;904
SK022_513784;268
SK022_513814;690
SK022_513822;178
SK022_513865;566
SK022_513881;48739
SK022_513903;4966
SK022_513911;1881
SK022_513920;1190
SK022_513938;524
SK022_513946;1726
SK022_513954;1735
SK022_513962;1774
SK022_513971;174
SK022_513989;2612
SK022_513997;17794
SK022_514004;1442
SK022_514012;614
SK022_514021;1375
SK022_514039;250
SK022_514063;1825
SK022_514071;4142
SK022_514080;1109
SK022_514098;456
SK022_514101;455
SK022_514110;1154
SK022_514128;1624
SK022_514136;3858
SK022_514144;1242
SK022_514179;682
SK022_514187;884
SK022_514209;2112
SK022_514217;310
SK022_514225;3222
SK022_514233;1952
SK022_514241;1216
SK022_514250;1238
SK022_514268;4278
SK022_514284;1487
SK022_514292;2392
SK022_514306;333
SK022_514314;588
SK022_514322;1277
SK022_514331;1241
SK022_514349;519
SK022_514357;1254
SK022_514365;731
SK022_514373;1728
SK022_514381;391
SK022_514390;416
SK022_514403;256
SK022_514411;1216
SK022_514420;2230
SK022_514438;451
SK022_514454;1696
SK022_518913;1136
SK022_542652;19483
SK022_542733;4221
SK022_542741;500
SK022_542776;93
SK022_542806;132
SK022_542822;639
SK022_542849;470
SK022_542857;113
SK022_542873;432
SK022_542890;345
SK022_542920;415
SK022_542962;1033
SK022_543004;2708
SK022_543047;1608
SK022_543055;869
SK022_543080;528
SK022_543136;499
SK022_545651;636
SK022_545686;1579
SK022_545741;3105
SK022_546640;881
SK022_546682;1183
SK022_556173;112
SK022_556190;245
SK022_556246;499
SK022_556271;148
SK022_556289;403
SK022_556360;147
SK022_556408;197
SK022_556416;504
SK022_556424;64
SK022_556441;763
SK022_556459;566
SK022_556475;843
SK022_556742;252
SK022_556793;235
SK022_557391;416
SK022_557404;537
SK022_557412;432
SK022_557421;858
SK022_557439;1212
SK022_557447;694
SK022_557471;915
SK022_557480;480
SK022_557498;347
SK022_557501;673
SK022_557510;596
SK022_557552;354
SK022_557561;141
SK022_557579;512
SK022_557595;164
SK022_557609;154
SK022_557617;254
SK022_557625;235
SK022_557633;492
SK022_557692;475
SK022_557706;488
SK022_557714;588
SK022_558222;141
SK022_580449;800
SK022_580856;384
SK022_580864;124
SK022_580953;695
SK022_581348;164
SK022_582301;734
SK023_500011;78752
SK023_500020;1671
SK023_500046;1077
SK023_500062;1558
SK023_500071;2176
SK023_500101;1113
SK023_500127;509
SK023_500135;934
SK023_500151;1089
SK023_500160;612
SK023_500194;1186
SK023_500232;1371
SK023_500241;1335
SK023_500283;1173
SK023_500305;742
SK023_500313;492
SK023_500321;509
SK023_500356;1923
SK023_500364;943
SK023_500372;2040
SK023_500381;1012
SK023_500399;191
SK023_500402;1228
SK023_500411;1635
SK023_500429;370
SK023_500437;736
SK023_500453;2087
SK023_500461;681
SK023_500470;906
SK023_500488;1122
SK023_500500;1036
SK023_500518;323
SK023_500534;266
SK023_500542;541
SK023_500551;513
SK023_500569;447
SK023_500577;2851
SK023_500585;713
SK023_500593;673
SK023_500607;602
SK023_500631;1318
SK023_500640;1290
SK023_500658;1507
SK023_500666;354
SK023_500674;1081
SK023_500682;1073
SK023_500691;630
SK023_500704;2069
SK023_500712;803
SK023_500721;1029
SK023_500739;4379
SK023_500747;1682
SK023_500755;835
SK023_500780;597
SK023_500798;280
SK023_500810;1696
SK023_500828;2736
SK023_500836;818
SK023_500844;660
SK023_500887;4122
SK023_500895;1592
SK023_500909;462
SK023_500917;1917
SK023_500925;995
SK023_500933;8969
SK023_500941;2189
SK023_500950;2237
SK023_500968;12269
SK023_500976;222
SK023_500984;513
SK023_500992;1357
SK023_501018;402
SK023_501026;34607
SK023_501034;1254
SK023_501042;366
SK023_501069;471
SK023_501077;1181
SK023_501085;1194
SK023_501093;1291
SK023_501107;512
SK023_501115;2728
SK023_501123;1802
SK023_501140;7774
SK023_501158;1398
SK023_501166;2037
SK023_501174;1622
SK023_501182;2018
SK023_501191;537
SK023_501204;10662
SK023_501212;743
SK023_501221;160
SK023_501239;3714
SK023_501247;699
SK023_501255;1149
SK023_501263;1461
SK023_501271;118
SK023_501280;5074
SK023_501301;1576
SK023_501310;508
SK023_501328;2980
SK023_501336;719
SK023_501344;1236
SK023_501352;497
SK023_501361;811
SK023_501379;719
SK023_501387;1016
SK023_501395;3405
SK023_501409;586
SK023_501417;2425
SK023_501425;2367
SK023_502031;34767
SK023_502049;332
SK023_502057;1102
SK023_502065;643
SK023_502073;231
SK023_502090;318
SK023_502103;310
SK023_502111;1013
SK023_502120;832
SK023_502154;994
SK023_502162;401
SK023_502171;433
SK023_502189;520
SK023_502197;957
SK023_502201;262
SK023_502219;370
SK023_502227;1307
SK023_502243;529
SK023_502251;573
SK023_502260;534
SK023_502278;611
SK023_502286;597
SK023_502294;278
SK023_502324;1548
SK023_502332;1467
SK023_502341;654
SK023_502359;203
SK023_502367;304
SK023_502375;851
SK023_502383;196
SK023_502391;926
SK023_502413;1991
SK023_502421;2005
SK023_502430;784
SK023_502448;304
SK023_502456;614
SK023_502464;525
SK023_502472;658
SK023_502481;1029
SK023_502499;723
SK023_502502;183
SK023_502511;489
SK023_502537;186
SK023_502570;954
SK023_502588;1551
SK023_502596;804
SK023_502600;554
SK023_502618;459
SK023_502626;544
SK023_502634;123
SK023_502642;1654
SK023_502651;903
SK023_502669;759
SK023_502677;1329
SK023_502693;1973
SK023_502707;1412
SK023_502715;790
SK023_502723;471
SK023_502731;667
SK023_502740;359
SK023_502758;196
SK023_502766;1427
SK023_502782;7609
SK023_502791;379
SK023_502804;1667
SK023_502812;526
SK023_502821;2886
SK023_502847;337
SK023_502863;3819
SK023_502871;596
SK023_502880;229
SK023_502898;199
SK023_502910;1559
SK023_502928;755
SK023_502936;1278
SK023_502944;674
SK023_502952;176
SK023_502961;174
SK023_502979;502
SK023_502987;7208
SK023_502995;1244
SK023_503002;168
SK023_503011;39513
SK023_503029;1364
SK023_503037;401
SK023_503045;3721
SK023_503053;802
SK023_503061;373
SK023_503070;1692
SK023_503088;1447
SK023_503096;583
SK023_503100;610
SK023_503118;308
SK023_503126;1008
SK023_503134;774
SK023_503151;1589
SK023_503169;1680
SK023_503177;5146
SK023_503185;2227
SK023_503193;1226
SK023_503207;705
SK023_503215;1248
SK023_503223;794
SK023_503231;1369
SK023_503240;1505
SK023_503258;1045
SK023_503266;912
SK023_503274;1389
SK023_503282;4283
SK023_503291;916
SK023_503312;384
SK023_503321;1573
SK023_503339;464
SK023_503347;392
SK023_503355;392
SK023_503363;2128
SK023_503371;685
SK023_503380;3061
SK023_503398;1333
SK023_503401;1941
SK023_503436;732
SK023_503452;4321
SK023_503479;1059
SK023_503487;508
SK023_503495;800
SK023_503509;902
SK023_503517;982
SK023_503525;1032
SK023_503533;1443
SK023_503541;444
SK023_503550;2074
SK023_503568;2595
SK023_503576;366
SK023_503584;10828
SK023_503592;10268
SK023_503606;1111
SK023_503614;5205
SK023_503631;1968
SK023_503649;2267
SK023_503711;2177
SK023_503720;877
SK023_503886;1743
SK023_503932;3333
SK023_503991;2945
SK023_504025;23429
SK023_504068;3734
SK023_504092;2630
SK023_504165;3344
SK023_504190;1637
SK023_504998;27019
SK023_505021;328
SK023_505048;1838
SK023_505064;204
SK023_505137;547
SK023_505226;307
SK023_505234;1189
SK023_505242;728
SK023_505251;323
SK023_505285;875
SK023_505340;294
SK023_505374;2037
SK023_505404;1474
SK023_505421;2003
SK023_505439;556
SK023_505498;2474
SK023_505510;489
SK023_505536;500
SK023_505561;710
SK023_505617;464
SK023_505641;1420
SK023_505676;695
SK023_505714;2094
SK023_505749;508
SK023_505757;328
SK023_505773;594
SK023_517305;1042
SK023_542661;314
SK023_542695;223
SK023_542709;332
SK023_542717;2011
SK023_542792;383
SK023_542881;339
SK023_542938;1585
SK023_542954;497
SK023_542971;1124
SK023_543039;604
SK023_543063;631
SK023_543071;1611
SK023_543101;1354
SK023_543110;305
SK023_545350;324
SK023_545589;3890
SK023_545635;902
SK023_555819;201
SK023_555827;282
SK023_555843;1078
SK023_555851;566
SK023_555860;1107
SK023_555878;1862
SK023_555886;1033
SK023_555908;401
SK023_555916;415
SK023_555924;310
SK023_555932;498
SK023_555959;365
SK023_555967;377
SK023_555991;1308
SK023_556025;344
SK023_556033;249
SK023_556050;1531
SK023_556092;1194
SK023_556149;1745
SK023_556157;1763
SK023_556165;759
SK023_556211;324
SK023_556220;221
SK023_556238;208
SK023_556262;751
SK023_556297;440
SK023_556327;262
SK023_556351;360
SK023_556696;1918
SK023_556777;46
SK023_556785;366
SK023_558320;2418
SK023_580457;1416
SK023_580899;2758
SK023_580911;464
SK023_580937;133
SK023_581097;254
SK023_581135;410
SK023_581160;700
SK023_581305;964
SK023_581623;667
SK023_581658;955
SK023_581691;291
SK023_581704;692
SK023_581895;287
SK023_582361;1168
SK023_582387;780
SK023_582425;533
SK023_582697;329
SK023_582719;720
SK023_582816;1876
SK031_507300;500
SK031_507393;215
SK031_507407;226
SK031_509132;24968
SK031_509159;4393
SK031_509167;630
SK031_509175;471
SK031_509183;1144
SK031_509205;1587
SK031_509213;2392
SK031_509221;555
SK031_509230;2147
SK031_509248;6919
SK031_509256;15651
SK031_509264;2379
SK031_509272;993
SK031_509281;463
SK031_509299;1842
SK031_509302;3196
SK031_509311;2812
SK031_509329;1937
SK031_509337;1949
SK031_509345;5615
SK031_509361;1296
SK031_509370;1144
SK031_509396;845
SK031_509400;5285
SK031_509426;1716
SK031_509434;397
SK031_509442;989
SK031_509451;5216
SK031_509469;990
SK031_509477;2701
SK031_509485;2799
SK031_509493;3565
SK031_509507;7753
SK031_509515;2802
SK031_509523;1792
SK031_509531;2215
SK031_509540;19581
SK031_509558;1403
SK031_509566;775
SK031_509582;1645
SK031_509591;1571
SK031_509604;1301
SK031_509639;1379
SK031_509655;1356
SK031_509663;990
SK031_509671;541
SK031_509680;3179
SK031_509698;1581
SK031_509701;1339
SK031_509710;400
SK031_509728;2210
SK031_509744;455
SK031_509761;808
SK031_509779;935
SK031_509787;257
SK031_509795;2732
SK031_509809;2267
SK031_509817;857
SK031_509825;835
SK031_509833;473
SK031_509850;2877
SK031_509868;7899
SK031_509876;4040
SK031_509884;3374
SK031_509892;1736
SK031_509906;3315
SK031_509914;3768
SK031_509922;1019
SK031_509931;2826
SK031_509949;685
SK031_509957;1310
SK031_509965;137
SK031_509973;823
SK031_509981;1256
SK031_509990;177
SK031_510009;461
SK031_510017;745
SK031_510025;4625
SK031_510033;1960
SK031_510041;512
SK031_510050;2043
SK031_510076;1390
SK031_510084;658
SK031_510092;657
SK031_510106;7468
SK031_510114;9289
SK031_510149;793
SK031_510157;1400
SK031_510165;1056
SK031_510173;1290
SK031_510181;639
SK031_510190;801
SK031_510203;5255
SK031_510211;2732
SK031_510238;1809
SK031_510246;2163
SK031_510254;1631
SK031_510262;31846
SK031_510271;469
SK031_510301;561
SK031_510319;172
SK031_510327;1779
SK031_510335;135
SK031_510351;113
SK031_510386;243
SK031_510408;1233
SK031_510416;278
SK031_510424;421
SK031_510441;1071
SK031_510459;186
SK031_510467;1516
SK031_510505;391
SK031_510513;310
SK031_510521;480
SK031_510530;458
SK031_510548;1474
SK031_510564;631
SK031_510572;576
SK031_510581;408
SK031_510599;3113
SK031_510602;97
SK031_510611;958
SK031_510629;2898
SK031_510637;1640
SK031_510653;604
SK031_510661;1045
SK031_510670;964
SK031_510688;66
SK031_510696;356
SK031_510700;301
SK031_510718;1631
SK031_510726;7337
SK031_510734;947
SK031_510742;296
SK031_510751;596
SK031_510777;561
SK031_510785;2087
SK031_510793;1119
SK031_510807;1047
SK031_510815;1821
SK031_510823;980
SK031_510831;206
SK031_510840;171
SK031_510858;262
SK031_510866;402
SK031_510874;159
SK031_510904;1231
SK031_510912;350
SK031_510921;250
SK031_510947;955
SK031_510955;115
SK031_510963;1363
SK031_510971;195
SK031_510998;28293
SK031_511005;3789
SK031_511013;619
SK031_511030;1214
SK031_511048;809
SK031_511056;646
SK031_511064;821
SK031_511072;241
SK031_511099;454
SK031_511102;808
SK031_511111;649
SK031_511129;2406
SK031_511137;60
SK031_511145;373
SK031_511153;601
SK031_511170;2160
SK031_511188;121
SK031_511196;1247
SK031_511200;438
SK031_512036;57272
SK031_512044;201
SK031_512052;1255
SK031_512061;320
SK031_512079;934
SK031_512087;163
SK031_512095;247
SK031_512109;126
SK031_512117;143
SK031_512125;208
SK031_512133;1417
SK031_512141;90
SK031_512150;517
SK031_512168;273
SK031_512206;99
SK031_512214;819
SK031_512222;733
SK031_512257;136
SK031_512265;455
SK031_512273;1591
SK031_512290;160
SK031_512303;91
SK031_512311;151
SK031_512320;302
SK031_512338;86
SK031_512346;108
SK031_512354;1540
SK031_512371;1167
SK031_512389;1067
SK031_512397;111
SK031_512419;145
SK031_512427;54
SK031_512435;938
SK031_512443;518
SK031_512451;62
SK031_512460;1308
SK031_512478;964
SK031_512486;250
SK031_512494;76
SK031_512508;663
SK031_512524;1083
SK031_512541;320
SK031_512559;218
SK031_512567;181
SK031_512575;223
SK031_512583;624
SK031_512591;190
SK031_512605;778
SK031_512613;428
SK031_512621;960
SK031_512630;244
SK031_512648;4827
SK031_512656;548
SK031_512664;487
SK031_512672;255
SK031_512681;4407
SK031_512699;649
SK031_512702;874
SK031_512711;891
SK031_512729;6672
SK031_512737;172
SK031_512753;390
SK031_512761;1539
SK031_512788;235
SK031_512796;475
SK031_512818;141
SK031_512834;1167
SK031_517402;81182
SK031_517429;3326
SK031_517461;11286
SK031_517470;178
SK031_517488;2398
SK031_517496;992
SK031_517500;1977
SK031_517518;1286
SK031_517526;1500
SK031_517542;662
SK031_517551;1224
SK031_517577;695
SK031_517593;766
SK031_517623;1176
SK031_517631;853
SK031_517640;601
SK031_517658;1815
SK031_517674;1825
SK031_517682;1456
SK031_517691;1895
SK031_517704;426
SK031_517712;1428
SK031_517721;967
SK031_517739;1423
SK031_517755;1629
SK031_517763;764
SK031_517771;815
SK031_517780;353
SK031_517798;814
SK031_517801;681
SK031_517828;977
SK031_517861;1523
SK031_517879;811
SK031_517895;1379
SK031_517917;5848
SK031_517925;1202
SK031_517933;2832
SK031_517941;2967
SK031_517950;1799
SK031_517968;740
SK031_517976;677
SK031_517984;2557
SK031_517992;944
SK031_518000;1027
SK031_518018;4049
SK031_518034;3777
SK031_518042;4029
SK031_518051;1966
SK031_518069;3651
SK031_518077;358
SK031_518085;3906
SK031_518093;2630
SK031_518131;838
SK031_518719;670
SK031_545961;362
SK031_547522;681
SK031_547557;537
SK031_547590;374
SK031_547611;587
SK031_547620;238
SK031_556807;88
SK031_557358;7532
SK031_557935;1775
SK031_557960;436
SK031_557986;1069
SK031_557994;368
SK031_558168;389
SK031_558281;1346
SK031_580287;1375
SK031_580791;1468
SK031_580813;544
SK031_581712;310
SK031_581984;928
SK032_508438;79808
SK032_508446;1013
SK032_508454;1852
SK032_508462;1169
SK032_508471;220
SK032_508489;707
SK032_508497;21883
SK032_508519;455
SK032_508527;5275
SK032_508535;755
SK032_508543;370
SK032_508551;239
SK032_508560;225
SK032_508578;212
SK032_508586;369
SK032_508594;897
SK032_508608;2795
SK032_508616;526
SK032_508624;609
SK032_508632;528
SK032_508641;381
SK032_508659;1468
SK032_508667;1227
SK032_508675;2144
SK032_508691;44
SK032_508705;1183
SK032_508713;359
SK032_508721;640
SK032_508730;285
SK032_508748;1093
SK032_508756;633
SK032_508764;1344
SK032_508772;1369
SK032_508781;367
SK032_508799;227
SK032_508802;115
SK032_508811;528
SK032_508829;1870
SK032_508837;178
SK032_508845;381
SK032_508853;3980
SK032_508861;869
SK032_508870;2334
SK032_508888;1782
SK032_508896;96
SK032_508900;3040
SK032_508918;1600
SK032_508926;154
SK032_508934;1344
SK032_508942;883
SK032_508951;300
SK032_508969;708
SK032_508977;395
SK032_508985;2173
SK032_508993;203
SK032_509001;3207
SK032_509019;537
SK032_509027;778
SK032_509035;186
SK032_509043;1334
SK032_509051;1574
SK032_509060;561
SK032_509086;3853
SK032_509094;415
SK032_509124;2420
SK032_511218;28746
SK032_511226;234
SK032_511234;649
SK032_511251;625
SK032_511269;776
SK032_511277;257
SK032_511293;527
SK032_511315;2384
SK032_511323;1110
SK032_511331;557
SK032_511340;499
SK032_511358;2043
SK032_511366;653
SK032_511374;344
SK032_511391;10854
SK032_511404;898
SK032_511421;1687
SK032_511439;683
SK032_511447;248
SK032_511463;308
SK032_511471;2225
SK032_511480;218
SK032_511498;2996
SK032_511501;51
SK032_511510;556
SK032_511528;318
SK032_511536;93
SK032_511544;264
SK032_511552;2158
SK032_511561;343
SK032_511579;240
SK032_511595;1518
SK032_511609;324
SK032_511617;108
SK032_511625;731
SK032_511641;1158
SK032_511668;342
SK032_511676;182
SK032_511684;369
SK032_511692;737
SK032_511706;268
SK032_511714;242
SK032_511722;217
SK032_511731;593
SK032_511749;566
SK032_511757;144
SK032_511765;5759
SK032_511773;90
SK032_511781;192
SK032_511790;1550
SK032_511803;963
SK032_511811;337
SK032_511820;261
SK032_511838;863
SK032_511846;665
SK032_511854;563
SK032_511862;308
SK032_511871;1216
SK032_511889;135
SK032_511897;472
SK032_511901;368
SK032_511919;1425
SK032_511927;957
SK032_511943;384
SK032_511978;581
SK032_511994;937
SK032_512001;448
SK032_512010;670
SK032_514462;24826
SK032_514489;69
SK032_514501;497
SK032_514519;966
SK032_514535;195
SK032_514543;778
SK032_514551;206
SK032_514586;53
SK032_514594;306
SK032_514608;538
SK032_514616;156
SK032_514624;686
SK032_514632;194
SK032_514641;255
SK032_514659;215
SK032_514667;217
SK032_514675;539
SK032_514683;152
SK032_514691;527
SK032_514713;437
SK032_514721;867
SK032_514730;104
SK032_514756;944
SK032_514764;438
SK032_514781;703
SK032_514799;518
SK032_514811;1177
SK032_514829;7786
SK032_514837;1562
SK032_514845;197
SK032_514853;135
SK032_514861;1012
SK032_514870;214
SK032_514888;877
SK032_514896;78
SK032_514900;977
SK032_514918;865
SK032_514926;197
SK032_514934;137
SK032_514942;531
SK032_514951;723
SK032_514969;420
SK032_514977;161
SK032_514985;224
SK032_514993;264
SK032_515001;2189
SK032_515019;181
SK032_515027;723
SK032_515035;232
SK032_515043;3324
SK032_515051;202
SK032_515060;330
SK032_515078;965
SK032_515086;141
SK032_515094;28
SK032_515108;359
SK032_515116;77
SK032_515124;280
SK032_515132;529
SK032_515141;192
SK032_515159;250
SK032_515167;94
SK032_515175;220
SK032_515183;217
SK032_515205;280
SK032_515230;536
SK032_515248;156
SK032_515256;308
SK032_515264;1588
SK032_515272;172
SK032_515281;364
SK032_515299;241
SK032_515302;80
SK032_515311;133
SK032_515337;14
SK032_515345;50
SK032_515353;810
SK032_515361;120
SK032_515370;597
SK032_515388;57
SK032_515396;51
SK032_515400;378
SK032_515426;510
SK032_515442;1914
SK032_515451;552
SK032_515469;1286
SK032_515485;146
SK032_515493;382
SK032_515507;154
SK032_515515;109
SK032_515523;252
SK032_515531;193
SK032_515540;322
SK032_515566;368
SK032_515574;102
SK032_515582;279
SK032_515591;442
SK032_515604;508
SK032_515612;7567
SK032_515621;557
SK032_515639;923
SK032_515647;95
SK032_515655;360
SK032_515663;530
SK032_515671;293
SK032_515680;4412
SK032_515698;189
SK032_515701;717
SK032_515710;822
SK032_515728;254
SK032_515736;884
SK032_515744;1232
SK032_515752;155
SK032_515761;59
SK032_515779;347
SK032_515795;341
SK032_515809;151
SK032_515817;139
SK032_515833;155
SK032_515841;235
SK032_515850;12904
SK032_515868;843
SK032_515876;359
SK032_515884;98
SK032_515892;1438
SK032_515906;1054
SK032_515914;477
SK032_515922;443
SK032_515931;35
SK032_515949;428
SK032_515957;477
SK032_515965;1038
SK032_515973;603
SK032_515981;174
SK032_515990;135
SK032_516007;114
SK032_516015;181
SK032_516023;198
SK032_516031;250
SK032_516040;861
SK032_516058;246
SK032_516066;141
SK032_516074;628
SK032_516082;353
SK032_516091;308
SK032_516104;295
SK032_516112;271
SK032_516121;617
SK032_516139;465
SK032_516147;373
SK032_516155;522
SK032_516163;153
SK032_516171;210
SK032_516198;295
SK032_516210;1582
SK032_516228;322
SK032_516236;1387
SK032_516244;406
SK032_516252;508
SK032_516261;304
SK032_516279;679
SK032_516287;115
SK032_516295;841
SK032_516309;116
SK032_516317;561
SK032_516333;377
SK032_516341;201
SK032_516368;228
SK032_516376;813
SK032_516384;556
SK032_516392;168
SK032_516406;642
SK032_516414;271
SK032_516422;109
SK032_516431;218
SK032_516449;86
SK032_516457;197
SK032_516465;596
SK032_516473;415
SK032_516490;489
SK032_516503;208
SK032_516511;223
SK032_516520;1871
SK032_516538;360
SK032_516546;675
SK032_516554;508
SK032_516562;138
SK032_516571;1313
SK032_516589;19794
SK032_516597;1202
SK032_516601;216
SK032_516627;1229
SK032_516643;10426
SK032_516651;442
SK032_516660;399
SK032_516678;136
SK032_516708;533
SK032_516716;199
SK032_516724;344
SK032_516732;239
SK032_516741;785
SK032_516759;2192
SK032_516767;3001
SK032_516791;564
SK032_516805;619
SK032_516813;589
SK032_516821;421
SK032_516830;1224
SK032_516848;555
SK032_516856;336
SK032_516872;917
SK032_516881;573
SK032_516902;237
SK032_516937;443
SK032_516945;425
SK032_516953;184
SK032_516961;202
SK032_516970;5807
SK032_516988;262
SK032_516996;250
SK032_517011;399
SK032_517020;698
SK032_517038;1580
SK032_517046;204
SK032_517062;923
SK032_517071;174
SK032_517089;422
SK032_517097;7570
SK032_517119;572
SK032_517127;143
SK032_517135;675
SK032_517143;359
SK032_517160;104
SK032_517178;607
SK032_517186;667
SK032_517194;591
SK032_517216;302
SK032_517232;502
SK032_517241;430
SK032_517259;479
SK032_517267;1107
SK032_517283;827
SK032_517291;1265
SK032_517313;1188
SK032_517330;1198
SK032_517348;429
SK032_517356;673
SK032_517364;1278
SK032_517372;128
SK032_517381;6441
SK032_517399;819
SK032_518158;43515
SK032_518166;512
SK032_518174;150
SK032_518191;355
SK032_518204;1245
SK032_518212;1090
SK032_518221;130
SK032_518239;578
SK032_518247;267
SK032_518255;435
SK032_518263;15030
SK032_518271;724
SK032_518280;298
SK032_518298;1829
SK032_518301;119
SK032_518310;253
SK032_518336;186
SK032_518344;133
SK032_518352;110
SK032_518361;261
SK032_518379;941
SK032_518387;1494
SK032_518409;910
SK032_518417;1535
SK032_518425;926
SK032_518433;165
SK032_518441;175
SK032_518450;204
SK032_518468;7895
SK032_518476;278
SK032_518484;205
SK032_518492;501
SK032_518506;1722
SK032_518514;180
SK032_518531;186
SK032_518549;1657
SK032_518557;8107
SK032_518565;112
SK032_518573;309
SK032_518581;33
SK032_518603;247
SK032_518611;773
SK032_518646;248
SK032_518654;42
SK032_518662;2650
SK032_518671;291
SK032_518689;2298
SK032_518697;457
SK032_518701;315
SK032_518727;972
SK032_518735;1212
SK032_518743;103
SK032_518751;763
SK032_518760;1320
SK032_518794;487
SK032_518808;5137
SK032_518816;342
SK032_518824;935
SK032_518832;75
SK032_518841;229
SK032_518867;716
SK032_518875;420
SK032_518883;107
SK032_518891;403
SK032_518905;183
SK032_518921;1701
SK032_518930;362
SK032_518956;104
SK032_518972;2856
SK032_518981;575
SK032_518999;72
SK032_525677;359
SK032_525685;275
SK032_525766;886
SK032_525774;410
SK032_525791;3203
SK032_525812;787
SK032_525901;687
SK032_525928;1307
SK032_525944;457
SK032_525987;1223
SK032_525995;883
SK032_526002;273
SK032_526011;210
SK032_526029;261
SK032_526037;297
SK032_526100;87
SK032_526118;428
SK032_526142;12800
SK032_526151;324
SK032_526258;1151
SK032_526304;394
SK032_526321;270
SK032_557251;201
SK032_557269;156
SK032_557277;391
SK032_557285;1158
SK032_557293;1237
SK032_557307;1862
SK032_557315;1127
SK032_557323;91
SK032_557331;139
SK032_557340;479
SK032_557757;601
SK032_557765;230
SK032_557790;194
SK032_557811;345
SK032_557820;178
SK032_557854;307
SK032_557889;97
SK032_557901;321
SK032_557919;204
SK032_557927;412
SK032_558087;165
SK032_558133;1427
SK032_558192;501
SK032_558206;153
SK032_558214;161
SK032_558273;301
SK032_580236;648
SK032_580244;1043
SK032_580309;273
SK032_580317;1026
SK032_580384;527
SK032_580520;973
SK032_580546;553
SK032_581585;478
SK032_581607;1083
SK032_581747;724
SK032_582051;511
SK032_599328;816
SK032_599336;1308
SK041_518522;654
SK041_518590;3127
SK041_518638;0
SK041_518964;376
SK041_519006;33517
SK041_519014;357
SK041_519022;356
SK041_519049;721
SK041_519057;288
SK041_519065;827
SK041_519073;135
SK041_519081;402
SK041_519090;104
SK041_519103;219
SK041_519111;514
SK041_519138;361
SK041_519154;291
SK041_519162;682
SK041_519171;516
SK041_519189;1037
SK041_519197;4171
SK041_519201;406
SK041_519219;268
SK041_519227;1171
SK041_519235;1037
SK041_519243;497
SK041_519251;509
SK041_519260;600
SK041_519278;84
SK041_519286;399
SK041_519294;433
SK041_519308;76
SK041_519316;554
SK041_519324;1028
SK041_519332;95
SK041_519341;849
SK041_519359;254
SK041_519367;427
SK041_519375;685
SK041_519383;124
SK041_519391;1165
SK041_519405;215
SK041_519413;77
SK041_519421;972
SK041_519430;330
SK041_519448;700
SK041_519456;1124
SK041_519464;593
SK041_519472;546
SK041_519481;1050
SK041_519499;83
SK041_519502;88
SK041_519511;51
SK041_519529;330
SK041_519537;523
SK041_519545;372
SK041_519553;588
SK041_519561;260
SK041_519570;1537
SK041_519588;966
SK041_519596;153
SK041_519600;140
SK041_519618;734
SK041_519626;259
SK041_519634;260
SK041_519642;284
SK041_519669;517
SK041_519677;172
SK041_519685;23
SK041_519693;168
SK041_519707;966
SK041_519715;770
SK041_519723;378
SK041_519731;227
SK041_519740;30
SK041_519758;332
SK041_519766;983
SK041_519774;557
SK041_519782;706
SK041_519791;653
SK041_519804;257
SK041_519812;316
SK041_519821;578
SK041_519839;555
SK041_519847;302
SK041_519855;149
SK041_519863;558
SK041_519871;388
SK041_519880;308
SK041_519901;205
SK041_519910;108
SK041_519928;391
SK041_519936;2667
SK041_519944;153
SK041_519952;121
SK041_519961;3206
SK041_519979;754
SK041_519987;449
SK041_519995;336
SK041_520004;35182
SK041_520012;212
SK041_520021;419
SK041_520039;3363
SK041_520055;1335
SK041_520063;567
SK041_520071;110
SK041_520080;49
SK041_520098;353
SK041_520101;386
SK041_520110;172
SK041_520128;369
SK041_520136;156
SK041_520152;171
SK041_520161;2034
SK041_520179;242
SK041_520187;461
SK041_520195;539
SK041_520209;290
SK041_520217;63
SK041_520225;568
SK041_520233;487
SK041_520241;429
SK041_520250;301
SK041_520268;558
SK041_520276;427
SK041_520284;79
SK041_520292;277
SK041_520314;286
SK041_520322;555
SK041_520331;2351
SK041_520349;558
SK041_520357;435
SK041_520365;519
SK041_520373;751
SK041_520381;89
SK041_520390;580
SK041_520403;608
SK041_520411;457
SK041_520438;314
SK041_520446;434
SK041_520454;829
SK041_520462;489
SK041_520471;7004
SK041_520489;100
SK041_520497;1018
SK041_520501;547
SK041_520519;424
SK041_520527;103
SK041_520535;186
SK041_520543;351
SK041_520551;296
SK041_520560;634
SK041_520578;320
SK041_520586;36
SK041_520594;198
SK041_520616;176
SK041_520624;990
SK041_520632;31
SK041_520641;593
SK041_520659;569
SK041_520667;275
SK041_520675;57
SK041_520683;632
SK041_520691;582
SK041_520705;138
SK041_520713;193
SK041_520721;458
SK041_520730;82
SK041_520748;106
SK041_520764;133
SK041_520772;517
SK041_520781;133
SK041_520802;20641
SK041_520811;337
SK041_520829;2476
SK041_520845;146
SK041_520853;133
SK041_520861;118
SK041_520870;95
SK041_520888;163
SK041_520896;829
SK041_520900;316
SK041_520918;804
SK041_520926;1252
SK041_520934;918
SK041_520942;263
SK041_520951;42
SK041_520977;340
SK041_520985;320
SK041_520993;320
SK041_521001;180
SK041_521019;65
SK041_521027;215
SK041_521035;460
SK041_521043;537
SK041_521051;382
SK041_521060;170
SK041_521078;125
SK041_521086;653
SK041_521108;1262
SK041_521116;361
SK041_523381;52358
SK041_523399;262
SK041_523402;2431
SK041_523411;301
SK041_523429;235
SK041_523437;1248
SK041_523445;818
SK041_523461;43
SK041_523470;868
SK041_523488;1760
SK041_523496;873
SK041_523500;95
SK041_523518;2850
SK041_523526;2919
SK041_523534;1424
SK041_523542;1516
SK041_523569;111
SK041_523577;1027
SK041_523585;16824
SK041_523593;882
SK041_523607;1996
SK041_523615;287
SK041_523623;4984
SK041_523631;2425
SK041_523658;1022
SK041_523674;86
SK041_523682;4359
SK041_523712;781
SK041_523721;644
SK041_523739;649
SK041_523747;458
SK041_523763;1513
SK041_523771;330
SK041_523780;2305
SK041_523798;2747
SK041_523801;349
SK041_523810;1843
SK041_523828;6362
SK041_523836;2249
SK041_523844;2175
SK041_523852;2515
SK041_523861;779
SK041_523879;2704
SK041_523887;1010
SK041_523909;2078
SK041_523925;7585
SK041_523933;3587
SK041_523950;1252
SK041_523976;1832
SK041_523984;698
SK041_523992;357
SK041_524000;4214
SK041_524018;1255
SK041_524026;598
SK041_524034;1910
SK041_524042;688
SK041_524051;474
SK041_524069;276
SK041_524077;1366
SK041_524085;1055
SK041_524093;1104
SK041_524107;1911
SK041_524115;85
SK041_524123;959
SK041_524131;1372
SK041_524140;91647
SK041_524158;617
SK041_524174;445
SK041_524182;306
SK041_524191;491
SK041_524204;327
SK041_524212;438
SK041_524221;407
SK041_524239;1720
SK041_524247;423
SK041_524255;160
SK041_524263;741
SK041_524271;311
SK041_524280;500
SK041_524298;839
SK041_524301;854
SK041_524310;747
SK041_524328;99
SK041_524336;1095
SK041_524344;721
SK041_524352;2131
SK041_524361;752
SK041_524379;1501
SK041_524387;696
SK041_524395;1830
SK041_524409;1063
SK041_524417;387
SK041_524425;131
SK041_524433;799
SK041_524441;132
SK041_524450;231
SK041_524468;1872
SK041_524476;696
SK041_524492;447
SK041_524506;961
SK041_524514;437
SK041_524522;1238
SK041_524531;1894
SK041_524549;866
SK041_524557;347
SK041_524565;418
SK041_524573;932
SK041_524581;299
SK041_524590;279
SK041_524603;5404
SK041_524611;1860
SK041_524620;2192
SK041_524638;1824
SK041_524646;227
SK041_524654;1086
SK041_524662;726
SK041_524671;733
SK041_524689;1184
SK041_524697;354
SK041_524701;269
SK041_524727;829
SK041_524735;170
SK041_524743;1786
SK041_524751;337
SK041_524760;999
SK041_524778;6357
SK041_524786;523
SK041_524794;502
SK041_524808;161
SK041_524816;667
SK041_524824;503
SK041_524832;823
SK041_524841;1497
SK041_524867;316
SK041_524875;677
SK041_524883;1200
SK041_524905;186
SK041_524913;472
SK041_524921;831
SK041_524930;461
SK041_524948;448
SK041_524956;389
SK041_524964;62
SK041_524981;1837
SK041_524999;665
SK041_525006;2521
SK041_525014;1834
SK041_525022;735
SK041_525031;374
SK041_525049;944
SK041_525057;450
SK041_525065;545
SK041_525073;736
SK041_525081;141
SK041_525090;1472
SK041_525103;190
SK041_525111;925
SK041_525120;1307
SK041_525138;1096
SK041_525146;12568
SK041_525154;1024
SK041_525162;154
SK041_525171;1738
SK041_525189;526
SK041_525197;299
SK041_525201;690
SK041_525219;1243
SK041_525235;2881
SK041_525243;512
SK041_525251;571
SK041_525260;2381
SK041_525278;217
SK041_525286;584
SK041_525294;1148
SK041_525308;351
SK041_525316;1515
SK041_525324;231
SK041_525332;474
SK041_525341;1305
SK041_525359;517
SK041_525367;458
SK041_525375;608
SK041_525383;1338
SK041_525391;335
SK041_525405;5268
SK041_525413;1998
SK041_525421;131
SK041_525430;1133
SK041_525448;572
SK041_525456;951
SK041_525472;431
SK041_525499;1008
SK041_525502;275
SK041_525511;1354
SK041_526371;179
SK041_526380;171
SK041_526401;911
SK041_526410;194
SK041_526428;268
SK041_526452;533
SK041_526461;580
SK041_526479;939
SK041_526487;781
SK041_526495;348
SK041_526517;601
SK041_526525;66
SK041_526606;104
SK041_526614;310
SK041_526665;16236
SK041_526673;1232
SK041_526681;242
SK041_526690;406
SK041_526703;78
SK041_526711;670
SK041_526720;1504
SK041_526738;193
SK041_526746;498
SK041_526754;945
SK041_526762;2670
SK041_526771;879
SK041_526789;1394
SK041_526797;1246
SK041_526801;103
SK041_526819;734
SK041_526827;156
SK041_526835;129
SK041_526843;525
SK041_526851;636
SK041_526860;2657
SK041_526878;1374
SK041_526886;452
SK041_526894;76
SK041_526908;664
SK041_526916;612
SK041_526924;2891
SK041_526932;38
SK041_526941;692
SK041_526959;1849
SK041_526967;1618
SK041_526975;3285
SK041_526983;228
SK041_526991;98
SK041_527009;47
SK041_527017;200
SK041_527025;371
SK041_527033;422
SK041_527041;1300
SK041_527050;405
SK041_527068;471
SK041_527076;981
SK041_527084;251
SK041_527092;1417
SK041_527106;11626
SK041_527114;169
SK041_527122;21
SK041_527131;232
SK041_527149;66
SK041_527157;779
SK041_527165;131
SK041_527173;421
SK041_527181;525
SK041_527190;30
SK041_527203;164
SK041_527211;585
SK041_527220;108
SK041_527238;69
SK041_527246;33
SK041_527254;225
SK041_527262;475
SK041_527271;149
SK041_527289;207
SK041_527297;403
SK041_527301;12
SK041_527319;331
SK041_527327;336
SK041_527335;545
SK041_527343;47
SK041_527351;86
SK041_527360;415
SK041_527378;229
SK041_527386;185
SK041_527394;64
SK041_527408;76
SK041_527416;69
SK041_527424;380
SK041_527432;213
SK041_527441;60
SK041_527459;83
SK041_527467;35
SK041_527475;276
SK041_527483;640
SK041_527491;365
SK041_527505;991
SK041_527513;268
SK041_527521;192
SK041_527530;112
SK041_527548;131
SK041_527556;50
SK041_527564;474
SK041_527572;156
SK041_527581;350
SK041_527599;72
SK041_527602;220
SK041_527611;90
SK041_527629;92
SK041_527637;404
SK041_527645;89
SK041_527653;180
SK041_527661;246
SK041_527670;284
SK041_527688;68
SK041_527696;648
SK041_527700;240
SK041_527718;59
SK041_527726;92
SK041_527734;8
SK041_527742;60
SK041_527751;449
SK041_527769;174
SK041_527777;492
SK041_527785;353
SK041_527793;219
SK041_527807;147
SK041_527815;42
SK041_527823;259
SK041_527831;538
SK041_527840;10929
SK041_527858;140
SK041_527866;309
SK041_527874;14
SK041_527882;291
SK041_527891;84
SK041_527904;115
SK041_527912;394
SK041_527921;118
SK041_527939;394
SK041_527947;130
SK041_527955;229
SK041_527963;41
SK041_527971;175
SK041_527980;209
SK041_527998;225
SK041_528005;64
SK041_528013;112
SK041_528021;141
SK041_528030;193
SK041_528048;601
SK041_528056;76
SK041_528064;78
SK041_528072;575
SK041_528081;383
SK041_528731;444
SK041_528749;226
SK041_528757;446
SK041_528765;345
SK041_528773;1246
SK041_528781;529
SK041_528790;468
SK041_528803;604
SK041_528811;505
SK041_528820;419
SK041_528838;446
SK041_528846;445
SK041_528854;278
SK041_528862;299
SK041_528871;609
SK041_528889;321
SK041_528897;330
SK041_528901;1605
SK041_528919;1603
SK041_528927;416
SK041_528935;368
SK041_528943;823
SK041_528951;472
SK041_528960;748
SK041_528978;151
SK041_528986;439
SK041_528994;143
SK041_529001;897
SK041_529010;61
SK041_529028;220
SK041_529036;214
SK041_529044;199
SK041_529052;293
SK041_529061;38
SK041_529079;652
SK041_529087;111
SK041_529095;249
SK041_529109;83
SK041_529117;201
SK041_529125;2226
SK041_529133;2715
SK041_529141;1349
SK041_529150;787
SK041_529168;795
SK041_529176;2431
SK041_529184;111
SK041_529192;1035
SK041_529206;106
SK041_529214;63
SK041_529222;2744
SK041_529231;235
SK041_529249;383
SK041_529257;1210
SK041_529265;3004
SK041_529273;73
SK041_529281;72
SK041_529290;799
SK041_543179;977
SK041_543225;599
SK041_543276;378
SK041_543292;14711
SK041_543314;125
SK041_543381;395
SK041_543390;189
SK041_543420;289
SK041_543446;170
SK041_543454;58
SK041_543462;185
SK041_543471;97
SK041_543578;4151
SK041_543608;1405
SK041_543624;2430
SK041_543641;487
SK041_543675;349
SK041_543691;192
SK041_544051;23146
SK041_544060;250
SK041_544078;1737
SK041_544086;528
SK041_544094;2663
SK041_544108;409
SK041_544116;2438
SK041_544124;1204
SK041_544132;758
SK041_544141;471
SK041_544159;786
SK041_544167;55
SK041_544175;1404
SK041_544183;239
SK041_544191;155
SK041_544205;70
SK041_544213;3743
SK041_544221;703
SK041_544230;1776
SK041_556823;726
SK041_559547;1154
SK041_559598;704
SK041_559610;186
SK041_559636;118
SK041_559644;123
SK041_559652;52
SK041_559890;517
SK041_559938;184
SK041_559971;465
SK041_559989;195
SK041_560073;189
SK041_560103;4198
SK041_580368;216
SK041_580601;262
SK041_581241;965
SK041_581640;102
SK041_581674;1339
SK041_582140;595
SK042_513792;426
SK042_513806;443
SK042_513831;212
SK042_513849;432
SK042_513857;230
SK042_514578;381
SK042_514748;658
SK042_518107;190
SK042_518115;221
SK042_518123;284
SK042_518140;540
SK042_521141;477
SK042_521159;522
SK042_521167;377
SK042_521175;648
SK042_521183;1373
SK042_521191;561
SK042_521205;1069
SK042_521213;776
SK042_521221;1035
SK042_521248;797
SK042_521256;82
SK042_521264;1203
SK042_521272;812
SK042_521281;607
SK042_521299;5540
SK042_521302;2016
SK042_521311;380
SK042_521329;369
SK042_521337;2110
SK042_521345;2577
SK042_521353;420
SK042_521361;1679
SK042_521370;1633
SK042_521388;602
SK042_521396;233
SK042_521400;1441
SK042_521418;285
SK042_521426;277
SK042_521442;341
SK042_521469;477
SK042_521477;458
SK042_521485;565
SK042_521493;3387
SK042_521507;691
SK042_521523;2981
SK042_521540;121
SK042_521558;1118
SK042_521566;391
SK042_521574;973
SK042_521582;964
SK042_521591;1228
SK042_521604;273
SK042_521612;1092
SK042_521639;1435
SK042_521655;1422
SK042_521663;181
SK042_521671;4337
SK042_521680;1368
SK042_521698;11166
SK042_521701;74
SK042_521728;562
SK042_521736;1649
SK042_521744;265
SK042_521752;733
SK042_521761;436
SK042_521779;324
SK042_521787;738
SK042_521795;431
SK042_521809;206
SK042_521817;426
SK042_521825;592
SK042_521833;92
SK042_521841;211
SK042_521850;589
SK042_521868;389
SK042_521876;1413
SK042_521884;845
SK042_521892;2764
SK042_521906;342
SK042_521914;707
SK042_521922;352
SK042_521931;2230
SK042_521949;619
SK042_521957;1395
SK042_521965;1804
SK042_521973;2067
SK042_521981;1104
SK042_522007;1375
SK042_522015;204
SK042_522023;491
SK042_522031;1024
SK042_522040;837
SK042_522066;796
SK042_522074;754
SK042_522082;198
SK042_522091;259
SK042_522104;1515
SK042_522121;615
SK042_522139;4173
SK042_522147;3196
SK042_522155;252
SK042_522163;934
SK042_522171;434
SK042_522180;281
SK042_522198;947
SK042_522201;303
SK042_522210;476
SK042_522244;374
SK042_522252;402
SK042_522261;1349
SK042_522279;40250
SK042_522287;505
SK042_522295;709
SK042_522309;258
SK042_522317;205
SK042_522325;1019
SK042_522333;170
SK042_522341;618
SK042_522350;213
SK042_522368;950
SK042_522376;1497
SK042_522384;361
SK042_522392;365
SK042_522406;681
SK042_522414;673
SK042_522422;302
SK042_522431;760
SK042_522449;463
SK042_522457;379
SK042_522465;236
SK042_522473;384
SK042_522481;815
SK042_522490;166
SK042_522503;569
SK042_522511;720
SK042_522520;212
SK042_522538;315
SK042_522546;299
SK042_522554;447
SK042_522562;837
SK042_522571;423
SK042_522589;360
SK042_522597;390
SK042_522601;182
SK042_522627;360
SK042_522635;374
SK042_522643;478
SK042_522651;622
SK042_522660;424
SK042_522678;311
SK042_522686;355
SK042_522694;1158
SK042_522708;617
SK042_522716;945
SK042_522724;454
SK042_522732;806
SK042_522741;536
SK042_522759;1502
SK042_522767;243
SK042_522783;881
SK042_522791;1037
SK042_522805;1756
SK042_522813;418
SK042_522821;335
SK042_522830;251
SK042_522848;481
SK042_522856;289
SK042_522864;901
SK042_522872;4376
SK042_522881;187
SK042_522899;243
SK042_522902;979
SK042_522911;175
SK042_522929;383
SK042_522937;207
SK042_522945;620
SK042_522953;431
SK042_522961;1257
SK042_522970;275
SK042_522988;349
SK042_522996;1087
SK042_523003;657
SK042_523011;118
SK042_523020;255
SK042_523038;327
SK042_523046;191
SK042_523054;713
SK042_523062;639
SK042_523071;771
SK042_523089;5913
SK042_523097;794
SK042_523101;4446
SK042_523119;646
SK042_523127;188
SK042_523135;400
SK042_523143;111
SK042_523151;626
SK042_523160;200
SK042_523178;541
SK042_523186;1877
SK042_523194;574
SK042_523208;690
SK042_523216;553
SK042_523224;721
SK042_523232;549
SK042_523241;1159
SK042_523259;1694
SK042_523267;240
SK042_523275;250
SK042_523283;924
SK042_523291;814
SK042_523305;376
SK042_523313;247
SK042_523321;414
SK042_523330;664
SK042_523348;449
SK042_523356;526
SK042_523364;965
SK042_523372;968
SK042_525529;19765
SK042_525537;156
SK042_525545;907
SK042_525553;298
SK042_525561;518
SK042_525570;78
SK042_525596;652
SK042_525600;480
SK042_525618;293
SK042_525626;582
SK042_525634;5745
SK042_525642;687
SK042_525651;1307
SK042_525669;2049
SK042_525693;256
SK042_525707;387
SK042_525715;65
SK042_525723;453
SK042_525731;375
SK042_525740;1138
SK042_525758;333
SK042_525782;804
SK042_525821;372
SK042_525839;481
SK042_525847;253
SK042_525855;76
SK042_525863;731
SK042_525871;2556
SK042_525898;653
SK042_525910;512
SK042_525936;186
SK042_525952;166
SK042_525961;214
SK042_526045;1203
SK042_526053;534
SK042_526061;632
SK042_526070;303
SK042_526088;99
SK042_526096;2503
SK042_526126;615
SK042_526134;735
SK042_526177;326
SK042_526185;544
SK042_526193;190
SK042_526207;612
SK042_526215;733
SK042_526223;569
SK042_526231;172
SK042_526240;202
SK042_526266;459
SK042_526274;131
SK042_526282;2038
SK042_526291;133
SK042_526312;1542
SK042_526339;868
SK042_526347;511
SK042_526355;38057
SK042_526363;676
SK042_526398;701
SK042_526436;3170
SK042_526444;519
SK042_526509;6254
SK042_526533;1814
SK042_526541;1484
SK042_526550;101
SK042_526568;234
SK042_526576;541
SK042_526584;451
SK042_526592;2360
SK042_526631;623
SK042_526649;759
SK042_526657;2115
SK042_528099;24193
SK042_528102;650
SK042_528111;678
SK042_528129;340
SK042_528137;358
SK042_528145;1466
SK042_528153;571
SK042_528161;718
SK042_528170;1221
SK042_528188;1247
SK042_528200;621
SK042_528218;714
SK042_528226;162
SK042_528234;1187
SK042_528242;530
SK042_528251;812
SK042_528269;206
SK042_528277;876
SK042_528285;482
SK042_528293;3855
SK042_528307;308
SK042_528315;596
SK042_528323;435
SK042_528331;1342
SK042_528340;591
SK042_528358;450
SK042_528366;1608
SK042_528374;858
SK042_528382;452
SK042_528391;103
SK042_528404;856
SK042_528412;286
SK042_528421;853
SK042_528439;215
SK042_528447;7673
SK042_528455;360
SK042_528463;894
SK042_528471;1673
SK042_528480;381
SK042_528498;332
SK042_528501;1084
SK042_528510;1757
SK042_528528;322
SK042_528536;535
SK042_528544;1127
SK042_528552;1106
SK042_528561;461
SK042_528579;644
SK042_528587;1900
SK042_528609;1437
SK042_528617;1026
SK042_528625;605
SK042_528633;711
SK042_528641;802
SK042_528650;835
SK042_528668;540
SK042_528676;1946
SK042_528684;1049
SK042_528692;501
SK042_528706;558
SK042_528714;602
SK042_528722;8272
SK042_543144;303
SK042_543152;840
SK042_543161;957
SK042_543187;1872
SK042_543195;1120
SK042_543209;430
SK042_543233;1592
SK042_543241;756
SK042_543250;580
SK042_543268;8705
SK042_543284;2245
SK042_543306;294
SK042_543322;1942
SK042_543331;3963
SK042_543349;455
SK042_543357;661
SK042_543365;1676
SK042_543373;2999
SK042_543403;928
SK042_543411;1028
SK042_543438;192
SK042_543489;1005
SK042_543497;3415
SK042_543501;2483
SK042_543519;3856
SK042_543527;325
SK042_543535;1924
SK042_543551;471
SK042_543560;1116
SK042_543586;1720
SK042_543594;3623
SK042_543616;1242
SK042_543632;224
SK042_543659;2073
SK042_543667;1167
SK042_543683;146
SK042_543705;941
SK042_543713;575
SK042_543721;425
SK042_543730;631
SK042_543748;791
SK042_543756;1146
SK042_543764;225
SK042_543772;1552
SK042_543781;168
SK042_543799;660
SK042_543802;2221
SK042_543811;234
SK042_543829;168
SK042_543845;853
SK042_543853;9503
SK042_543861;738
SK042_543870;326
SK042_543888;608
SK042_543896;1413
SK042_543900;1057
SK042_543918;807
SK042_543926;508
SK042_543934;246
SK042_543942;854
SK042_543951;2210
SK042_543969;517
SK042_543977;801
SK042_543985;351
SK042_543993;386
SK042_544001;904
SK042_544019;1544
SK042_544027;1146
SK042_544035;659
SK042_544043;482
SK042_559687;1124
SK042_559784;3477
SK042_559831;221
SK042_559865;1243
SK042_559873;433
SK042_559881;171
SK042_560022;1304
SK042_560031;657
SK042_560049;728
SK042_560065;488
SK042_560154;8566
SK042_580252;372
SK042_582093;520
SK042_582514;1196
SK042_598119;1211
SK042_598127;2137
SK042_598151;20661
SK042_598186;20292
SK042_598194;468
SK042_598208;1624
SK042_598216;1995
SK042_598224;40301
SK042_598682;27113
SK042_599018;2704
SK042_599093;3448
SK042_599310;104
SK042_599786;680
SK042_599794;4209
SK042_599816;25654
SK042_599824;23882
SK042_599841;5624
SK042_599859;1106
SK042_599875;23538
SK042_599883;25106
SK042_599891;687
SK042_599913;1764
SK042_599981;5851
